﻿<?xml version="1.0" encoding="utf-8"?>
<linker>
  <assembly fullname="System">
    <type fullname="System.CodeDom.Compiler.GeneratedCodeAttribute" preserve="all" />
    <type fullname="System.ComponentModel.EditorBrowsableAttribute" preserve="all" />
    <type fullname="System.ComponentModel.EditorBrowsableState" preserve="all" />
  </assembly>
  <assembly fullname="UniTask">
    <type fullname="Cysharp.Threading.Tasks.CompilerServices.AsyncUniTaskMethodBuilder" preserve="all" />
    <type fullname="Cysharp.Threading.Tasks.UniTask" preserve="all" />
    <type fullname="Cysharp.Threading.Tasks.UniTaskExtensions" preserve="all" />
  </assembly>
  <assembly fullname="UnityEngine.CoreModule">
    <type fullname="UnityEngine.Debug" preserve="all" />
  </assembly>
  <assembly fullname="mscorlib">
    <type fullname="System.Array" preserve="all" />
    <type fullname="System.Byte" preserve="all" />
    <type fullname="System.Diagnostics.DebuggableAttribute" preserve="all" />
    <type fullname="System.Diagnostics.DebuggableAttribute/DebuggingModes" preserve="all" />
    <type fullname="System.Diagnostics.DebuggerHiddenAttribute" preserve="all" />
    <type fullname="System.Exception" preserve="all" />
    <type fullname="System.Object" preserve="all" />
    <type fullname="System.Runtime.CompilerServices.AsyncStateMachineAttribute" preserve="all" />
    <type fullname="System.Runtime.CompilerServices.AsyncTaskMethodBuilder" preserve="all" />
    <type fullname="System.Runtime.CompilerServices.AsyncVoidMethodBuilder" preserve="all" />
    <type fullname="System.Runtime.CompilerServices.CompilationRelaxationsAttribute" preserve="all" />
    <type fullname="System.Runtime.CompilerServices.CompilerGeneratedAttribute" preserve="all" />
    <type fullname="System.Runtime.CompilerServices.IAsyncStateMachine" preserve="all" />
    <type fullname="System.Runtime.CompilerServices.RuntimeCompatibilityAttribute" preserve="all" />
    <type fullname="System.Runtime.CompilerServices.RuntimeHelpers" preserve="all" />
    <type fullname="System.Runtime.CompilerServices.TaskAwaiter" preserve="all" />
    <type fullname="System.RuntimeFieldHandle" preserve="all" />
    <type fullname="System.Threading.Tasks.Task" preserve="all" />
    <type fullname="System.Type" preserve="all" />
    <type fullname="System.ValueType" preserve="all" />
  </assembly>
</linker>